{
  "project_info": {
    "project_number": "33136764190",
    "project_id": "photostudio-815cd",
    "storage_bucket": "photostudio-815cd.appspot.com"
  },
  "client": [
    {
      "client_info": {
        "mobilesdk_app_id": "1:33136764190:android:a8c46340567d3fb1b8150f",
        "android_client_info": {
          "package_name": "com.example.photostudio"
        }
      },
      "oauth_client": [],
      "api_key": [
        {
          "current_key": "AIzaSyDfKtH76XXWITC-JVrfAKlIGSMQS64NRes"
        }
      ],
      "services": {
        "appinvite_service": {
          "other_platform_oauth_client": []
        }
      }
    }
  ],
  "configuration_version": "1"
}